Accession	CollectionID	pagina	origen colecta	tipo muestra	Natural comprobado: no afectado por humanos	ruderal comprobado: hábitat afectado por seres humanos	Mala hierba comprobado	tolerada: surge expotáneamente (adventicia), pero la aprovechan (4, 1)	cultivada pequeño huerto	cultivo comercial	market	Taxon	Country	Latitude	Longitude	especies asociadas	
BGV006129	ECU-0354				1							SP	ECU	-3.95194444444444	-79.4355555555556		
BGV006167	ECU-0396											SP	ECU	-3.71777777777778	-79.5802777777778		
BGV006183	ECU-0412											SP	ECU	-3.31722222222222	-79.8033333333333		
BGV006186	ECU-0415					1						SP	ECU	-3.33472222222222	-79.6969444444445		
BGV006187	ECU-0416					1						SP	ECU	-3.31222222222222	-79.6286111111111		
BGV006188	ECU-0417					1						SP	ECU	-3.31805555555556	-79.5880555555556		
BGV006192	ECU-0421					1						SP	ECU	-2.59666666666667	-79.4738888888889		
BGV006195	ECU-0424											SP	ECU	-2.46833333333333	-79.4527777777778		
BGV006196	ECU-0425											SP	ECU	-2.46833333333333	-79.4527777777778		
BGV006208	ECU-0440					1						SP	ECU	-3.30805555555556	-79.3480555555555		
BGV006211	ECU-0443				1							SP	ECU	-3.31555555555556	-79.3538888888889		
BGV006282	ECU-0516											SP	PER	-5.995	-79.7175		
BGV006327	ECU-0561	20	1	1								SP	PER	-4.89222222222222	-80.3752777777778		
BGV006329	ECU-0563	23	1	1								SP	PER	-5.15416666666667	-80.1680555555556		
BGV006332	ECU-0566	27	1	1								SP	PER	-5.28722222222222	-79.9580555555556		
BGV006333	ECU-0567	34	1	1	1							SP	PER	-5.18694444444444	-80.6258333333333		
BGV006335	ECU-0569	55	1	1	1							SP	PER	-5.29888888888889	-79.9430555555556		
BGV006336	ECU-0570	56	1	1	1							SP	PER	-5.32944444444444	-79.9183333333333		
BGV006337	ECU-0571	57	1	1		1						SP	PER	-5.34611111111111	-79.8491666666667		
BGV006339	ECU-0573	59	1	1								SP	PER	-5.43527777777778	-79.7436111111111		
BGV006340	ECU-0574	63										SP	PER	-5.43305555555556	-79.7422222222222		
BGV006341	ECU-0575	100	1	1								SP	PER	-5.28166666666667	-80.6841666666667		
BGV006343	ECU-0577	107										SP	PER	-5.32222222222222	-80.7136111111111		
BGV006347	ECU-0581	112	1	1	1							SP	PER	-5.27833333333333	-80.1058333333333		
BGV006348	ECU-0582		1	1	1							SP	PER	-5.39055555555556	-80.0566666666667	lufa	
BGV006349	ECU-0583	114	1	1								SP	PER	-5.44	-80.0316666666667		
BGV006352	ECU-0586		1	1	1							SP	PER	-5.55388888888889	-79.9780555555556		
BGV006353	ECU-0587		1	1	1							SP	PER	-5.58916666666667	-79.9702777777778		
BGV006354	ECU-0588	121	1	1	1							SP	PER	-5.59833333333333	-79.9516666666667		
BGV006355	ECU-0589		1	1								SP	PER	-5.59833333333333	-79.9516666666667		
BGV006356	ECU-0590		1	1								SP	PER	-5.70416666666667	-79.8861111111111		
BGV006357	ECU-0591		1	1								SP	PER	-5.81805555555556	-79.8330555555556		
BGV006363	ECU-0597	132	1	1		1						SP	PER	-5.995	-79.7175		
BGV006368	ECU-0602	145				1						SP	PER	-5.995	-79.7175		
BGV006370	ECU-0604		1	1		1						SP	PER	-4.85027777777778	-80.8491666666667		
BGV006398	ECU-0632	62	1	1								SP	PER	-5.43305555555556	-79.7422222222222		
BGV006406	ECU-0640	120	1	1	1							SP	PER	-5.58916666666667	-79.9702777777778		
BGV006413	ECU-0647	102	1	1								SP	PER	-5.28333333333333	-80.6872222222222		
BGV006426	ECU-0660	16	1	1	1							SP	PER	-4.81027777777778	-80.2961111111111		
BGV006452	ECU-0687		1	1		1						SP	PER	-5.14416666666667	-80.2788888888889		
BGV006454	ECU-0689		1	1	1							SP	PER	-5.1475	-80.2702777777778	lufa operculate y momordica	
BGV006457	ECU-0692		1	1		1						SP	PER	-5.17194444444445	-80.1386111111111		
BGV006458	ECU-0693		1	1	1							SP	PER	-5.26722222222222	-80.1033333333333		
BGV006459	ECU-0694		1	1	1							SP	PER	-5.37222222222222	-80.0572222222222		
BGV006461	ECU-0696		1	1								SP	PER	-5.41861111111111	-80.0347222222222		
BGV006462	ECU-0697		1	1								SP	PER	-5.58305555555556	-79.9641666666667		
BGV006464	ECU-0699		1	1								SP	PER	-5.58305555555556	-79.9641666666667		
BGV006465	ECU-0700		1	1		1						SP	PER	-5.58305555555556	-79.9641666666667		
BGV006466	ECU-0701		1	1	1							SP	PER	-5.59055555555556	-79.9616666666667		
BGV006467	ECU-0702		1	1		1						SP	PER	-5.92277777777778	-79.7647222222222		
BGV006468	ECU-0703		1	1								SP	PER	-5.99444444444444	-79.705		
BGV006469	ECU-0704		1	1								SP	PER	-5.99444444444444	-79.705		
BGV006470	ECU-0705		1	1								SP	PER	-5.99444444444444	-79.705		
BGV006471	ECU-0706		1	1								SP	PER	-5.99444444444444	-79.705		
BGV006472	ECU-0707		1	1								SP	PER	-5.99444444444444	-79.705		
BGV006473	ECU-0708		1	1								SP	PER	-5.99444444444444	-79.705		
BGV006474	ECU-0709		1	1	1							SP	PER	-5.99444444444444	-79.705		
BGV006476	ECU-0711		1	1								SP	PER	-6.01388888888889	-79.6780555555556		
BGV006477	ECU-0712		1	1								SP	PER	-6.01388888888889	-79.6780555555556		
BGV006478	ECU-0713		1	1								SP	PER	-6.03472222222222	-79.6769444444444		
BGV006485	ECU-0720		1	1								SP	PER	-6.16	-79.7005555555556		
BGV006492	ECU-0727		1	1		1						SP	PER	-7.19666666666667	-79.4283333333333		
BGV006493	ECU-0728		1	1		1						SP	PER	-7.19666666666667	-79.4283333333333		
BGV006498	ECU-0733		1	1		1						SP	PER	-7.30583333333333	-79.4458333333333		
BGV006499	ECU-0734		1	1								SP	PER	-7.30694444444444	-79.4458333333333		
BGV006500	ECU-0735		1	1								SP	PER	-7.30694444444444	-79.4458333333333		
BGV006504	ECU-0739		1	1		1						SP	PER	-7.31972222222222	-79.3702777777778		
BGV006508	ECU-0743					1						SP	PER	-7.22222222222222	-79.2141666666667		
BGV006510	ECU-0745		1	1								SP	PER	-7.22222222222222	-79.2141666666667		
BGV006514	ECU-0749		1	1		1						SP	PER	-7.225	-78.975		
BGV006515	ECU-0750		1	1		1						SP	PER	-7.225	-78.975		
BGV006608	ECU-0843		1	1		1						SP	PER	-5.10833333333333	-79.9083333333333		
BGV006609	ECU-0844		1	1								SP	PER	-5.025	-79.8916666666667		
BGV006638	ECU-0873		1	1		1						SP	PER	-5.50833333333333	-80.5083333333333		
BGV006640	ECU-0875		1	1		1						SP	PER	-4.91916666666667	-80.6352777777778		
BGV006642	ECU-0877		1	1								SP	PER	-4.88722222222222	-80.4605555555556		
BGV006645	ECU-0880		1	1	1							SP	PER	-4.88833333333333	-80.3702777777778		
BGV006657	ECU-0892		1	1		1						SP	PER	-4.66916666666667	-79.8911111111111		
BGV006660	ECU-0895		1	1	1							SP	PER	-4.70694444444445	-79.8480555555556		
BGV006661	ECU-0896		1	1								SP	PER	-4.67222222222222	-79.8880555555556		
BGV006662	ECU-0897		1	1	1							SP	PER	-4.70694444444445	-79.8480555555556		
BGV006690	ECU-0927		1	1								SP	ECU	-4.14361111111111	-79.8472222222222		
BGV006691	ECU-0928		1	1								SP	ECU	-4.04361111111111	-79.6886111111111		
BGV006712	ECU-0951		1	1		1						SP	ECU	-3.30527777777778	-79.3519444444444		
BGV006778	ECU-1018		4	1								SP	ECU				
BGV007060	ECU-1300		1	1		1						SP	ECU	0.761666666666667	-78.2516666666667		
BGV007063	ECU-1303		1	1		1						SP	ECU	0.746666666666667	-78.2436111111111		
BGV007065	ECU-1305		1	1		1						SP	ECU	0.746666666666667	-78.2436111111111		
BGV007066	ECU-1306											SP	ECU	0.746666666666667	-78.2436111111111		
BGV007068	ECU-1308											SP	ECU	0.746666666666667	-78.2436111111111		
BGV007069	ECU-1309											SP	ECU	0.746666666666667	-78.2436111111111		
BGV007070	ECU-1310											SP	ECU	0.746666666666667	-78.2436111111111		
BGV007072	ECU-1312											SP	ECU	0.746666666666667	-78.2436111111111		
BGV007073	ECU-1313											SP	ECU	0.746666666666667	-78.2436111111111		
BGV007076	ECU-1316		1	1								SP	ECU	0.788611111111111	-78.2922222222222		
BGV007081	ECU-1321		1	1								SP	ECU	0.788611111111111	-78.2922222222222		
BGV007085	ECU-1325		1	1								SP	ECU	0.788611111111111	-78.2922222222222		
BGV007089	ECU-1329		1	1		1						SP	ECU	0.850555555555555	-78.4252777777778		
BGV007095	ECU-1335		4					1				SP	ECU	0.883055555555556	-78.5		se comen el fruto las gallinas
BGV007100	ECU-1340		1	1		1						SP	ECU	1.06305555555556	-79.2013888888889		
BGV007103	ECU-1343		1	1		1						SP	ECU	0.875277777777778	-79.7752777777778		
BGV007104	ECU-1344		1	1		1						SP	ECU	0.875277777777778	-79.7752777777778		
BGV007105	ECU-1345		1	1		1						SP	ECU	0.875277777777778	-79.7752777777778		
BGV007106	ECU-1346		1	1		1						SP	ECU	0.875277777777778	-79.7752777777778		
BGV007109	ECU-1349		1	2								SP	ECU	0.989444444444444	-79.5336111111111		
BGV007111	ECU-1351		1	1		1						SP	ECU	0.995	-79.5611111111111		
BGV007112	ECU-1352		1	1		1						SP	ECU	0.995	-79.5611111111111		
BGV007113	ECU-1353		1	1		1						SP	ECU	0.995	-79.5611111111111		
BGV007118	ECU-1358											SP	ECU	0.993333333333333	-79.5555555555556		
BGV007123	ECU-1363											SP	ECU	0.993333333333333	-79.5555555555556		
BGV007126	ECU-1366		4	1								SP	ECU	0.858333333333333	-79.8755555555556		
BGV007135	ECU-1375		4	2								SP	ECU	-0.247222222222222	-79.1552777777778		
BGV007137	ECU-1377											SP	ECU	-0.244166666666667	-79.2777777777778		
BGV007138	ECU-1378											SP	ECU	-0.243888888888889	-79.2741666666667		
BGV007145	ECU-1385		1	1								SP	ECU	-0.221944444444444	-79.4888888888889		
BGV007148	ECU-1388		1	1		1						SP	ECU	-0.210277777777778	-79.4994444444445		
BGV007149	ECU-1389		1	1		1						SP	ECU	-0.183888888888889	-79.5208333333333		
BGV007150	ECU-1390		2	2			1					SP	ECU	-0.178333333333333	-79.5319444444445		
BGV007151	ECU-1391		1	1								SP	ECU	-0.125833333333333	-79.5852777777778		
BGV007152	ECU-1392		4	1								SP	ECU	-0.084444444444444	-79.6830555555556		
BGV007155	ECU-1395		1	1								SP	ECU	-0.091111111111111	-79.7580555555556		
BGV007156	ECU-1396		1	1								SP	ECU	-0.091111111111111	-79.7580555555556		
BGV007158	ECU-1398		1	1		1						SP	ECU	-0.092222222222222	-79.7605555555556		
BGV007161	ECU-1401		1	1		1						SP	ECU	0.005277777777778	-79.8833333333333		
BGV007163	ECU-1403		1	1		1						SP	ECU	0.005277777777778	-79.8833333333333		
BGV007168	ECU-1408		1	1		1						SP	ECU	0.035833333333333	-79.9505555555556		
BGV007169	ECU-1409		1	1		1						SP	ECU	0.035833333333333	-79.9505555555556		
BGV007181	ECU-1421		2	2			1					SP	ECU	0.071111111111111	-80.0569444444444		
BGV007183	ECU-1423		1	1		1						SP	ECU	0.012222222222222	-80.0897222222222		
BGV007184	ECU-1424		1	1		1						SP	ECU	0.012222222222222	-80.0897222222222		
BGV007188	ECU-1428		1	1		1						SP	ECU	0.012222222222222	-80.0897222222222		
BGV007189	ECU-1429		1	1		1						SP	ECU	0.012222222222222	-80.0897222222222		
BGV007191	ECU-1431		2	2		1						SP	ECU	-0.048055555555556	-80.1363888888889		medicinal
BGV007194	ECU-1434		1	1								SP	ECU	-0.125555555555556	-80.2169444444445		
BGV007198	ECU-1438		2	2								SP	ECU	-0.301111111111111	-80.3291666666667		
BGV007200	ECU-1440		1	1		1						SP	ECU	-0.329722222222222	-80.3458333333333		
BGV007201	ECU-1441		1	1								SP	ECU	-0.423055555555556	-80.4480555555556		
BGV007202	ECU-1442		1	1								SP	ECU	-0.4325	-80.4530555555556		
BGV007203	ECU-1443		1	1		1						SP	ECU	-0.449444444444444	-80.4511111111111		
BGV007208	ECU-1448		1	1		1						SP	ECU	-0.713333333333333	-80.4166666666667		
BGV007210	ECU-1450		1	1		1						SP	ECU	-0.713333333333333	-80.4166666666667		
BGV007214	ECU-1454		1	1		1						SP	ECU	-0.713333333333333	-80.4166666666667		
BGV007215	ECU-1455		1	1		1						SP	ECU	-0.713333333333333	-80.4166666666667		
BGV007217	ECU-1457		1	1		1						SP	ECU	-0.713333333333333	-80.4166666666667		
BGV007219	ECU-1459		1	1		1						SP	ECU	-0.713333333333333	-80.4166666666667		
BGV007222	ECU-1462		1	1								SP	ECU	-0.828888888888889	-80.4944444444444		
BGV007225	ECU-1465		4	1								SP	ECU	-0.86	-80.4694444444445		
BGV007228	ECU-1468		1	1		1						SP	ECU	-0.974444444444444	-80.6383333333333		
BGV007230	ECU-1470		1	1		1						SP	ECU	-0.974444444444444	-80.6383333333333		
BGV007232	ECU-1472		1	1		1						SP	ECU	-0.974444444444444	-80.6383333333333		
BGV007233	ECU-1473		1	1		1						SP	ECU	-0.974444444444444	-80.6383333333333		
BGV007243	ECU-1483		4	1								SP	ECU	-1.07055555555556	-80.1855555555555		
BGV007244	ECU-1484		1	1		1						SP	ECU	-1.07194444444444	-80.1811111111111		
BGV007250	ECU-1490											SP	ECU	-1.04305555555556	-80.0880555555556		
BGV007255	ECU-1495											SP	ECU	-1.04083333333333	-80.0863888888889		
BGV007257	ECU-1497											SP	ECU	-1.04888888888889	-80.0902777777778		
BGV007261	ECU-1501		2	2								SP	ECU	-1.33833333333333	-80.7002777777778		
BGV007264	ECU-1504											SP	ECU	-1.33833333333333	-80.7002777777778		
BGV007269	ECU-1509		1	1		1						SP	ECU	-1.58916666666667	-80.8416666666667		
BGV007271	ECU-1511											SP	ECU	-1.58916666666667	-80.8416666666667		
BGV007272	ECU-1512		1	1		1						SP	ECU	-1.58916666666667	-80.8416666666667		
BGV007273	ECU-1513		1	1		1						SP	ECU	-1.58916666666667	-80.8416666666667		
BGV007276	ECU-1516		1	1								SP	ECU	-1.69805555555556	-80.7802777777778		
BGV007278	ECU-1518		1	1		1						SP	ECU	-2.25333333333333	-80.7888888888889		
BGV007279	ECU-1519		1	1		1						SP	ECU	-2.26861111111111	-80.7552777777778		
BGV007284	ECU-1524		1	1								SP	ECU	-2.415	-80.4069444444444		
BGV007287	ECU-1527		1	1		1						SP	ECU	-2.11666666666667	-79.6		
BGV007298	ECU-1538		1	1		1						SP	ECU	-2.66666666666667	-79.6166666666667		
BGV007300	ECU-1540											SP	ECU	-2.66666666666667	-79.6166666666667		
BGV007303	ECU-1543											SP	ECU	-2.98055555555556	-79.7269444444444		
BGV007307	ECU-1547											SP	ECU	-2.98055555555556	-79.7269444444444		
BGV007308	ECU-1548											SP	ECU	-2.98055555555556	-79.7269444444444		
BGV007339	ECU-1579		4	1								SP	ECU	-3.32277777777778	-79.8322222222222		
BGV007345	ECU-1585											SP	ECU	-3.32805555555556	-79.7888888888889		
BGV007349	ECU-1589											SP	ECU	-3.32138888888889	-79.7163888888889		
BGV007350	ECU-1590											SP	ECU	-3.32138888888889	-79.7163888888889		
BGV007355	ECU-1595											SP	ECU	-3.32388888888889	-79.6711111111111		
BGV007356	ECU-1596		1	1		1						SP	ECU	-3.32416666666667	-79.6627777777778		
BGV007358	ECU-1598		1	1		1						SP	ECU	-3.32416666666667	-79.6627777777778		
BGV007359	ECU-1599		1	1		1						SP	ECU	-3.32416666666667	-79.6627777777778		
BGV007361	ECU-1601											SP	ECU	-3.32416666666667	-79.6627777777778		
BGV007364	ECU-1604		1	1								SP	ECU	-3.32472222222222	-79.6588888888889		
BGV007366	ECU-1606		1	1								SP	ECU	-3.32833333333333	-79.6080555555556		
BGV007944	PE-2											SP	PER	-6.74166666666667	-79.6416666666667		
BGV007945	PE-8											SP	PER	-7.15833333333333	-79.4416666666667		
BGV007947	PE-10											SP	PER	-7.25833333333333	-79.125		
BGV007949	PE-12											SP	PER	-7.175	-79.025		
BGV007991	PE-65											SP	PER	-13.0583333333333	-72.025		
BGV007992	PE-66											SLC	PER	-13.0083333333333	-72.5416666666667		
BGV007993	PE-67											SP	PER				
BGV007994	PE-68											SP	PER				
BGV007995	PE-69											SP	PER				
BGV007996	PE-70											SP	PER				
BGV007997	PE-71											SP	PER				
BGV007998	PE-72											SP	PER				
BGV008001	PE-75											SP	PER	-13.0083333333333	-72.5416666666667		
BGV008004	PE-78											SP	PER				
BGV008031	LA-1258					1						SP	ECU	-1.475	-80.1083333333333		
BGV008048	LA1429											SP	ECU				
BGV009292	GLP-12					1						SP	ECU	-0.636666666666667	-90.3975		
BGV009300	GLP-20											SP	ECU	-0.658888888888889	-90.28		
BGV009304	GLP-24					1						SP	ECU	-0.527777777777778	-90.3225		
BGV009310	GLP-30											SP	ECU	-0.561388888888889	-90.3336111111111		
BGV013715	T-004											SP	PER	-9.93194444444444	-78.2208333333333		
BGV013717	T-006		2	2			1					SP	PER	-14.8255555555556	-74.9555555555556		
BGV013720	T-011		1	1		1						SP	PER	-14.5802777777778	-74.8872222222222		
BGV013721	T-013		1	1		1						SP	PER	-14.5644444444444	-74.845		
BGV013723	T-016		1	1								SP	PER	-14.5527777777778	-74.8161111111111		
BGV013798	T-112			2								SP	PER	-17.8891666666667	-70.9797222222222		
BGV015382	PT-210											SP	PER	-5.88555555555556	-78.1761111111111		
GLP-05	GLP-05				1							SP	ECU				
GLP-07	GLP-07											SP	ECU				
LA2182	LA2182					1						SP	PER	-5.93083333333333	-78.6627777777778		
LA2188	LA2188					1						SP	PER	-5.99166666666667	-78.1916666666667		
PE-73	PE-73											SP	PER				
PE-74	PE-74											SP	PER				
PT-218	PT-218		10	100								SP	PER	-7.22083333333333	-79.1808333333333		
PT-259	PT-259		10	100								SP	PER	-7.21416666666667	-78.7766666666667		
PT-261	PT-261		10	100								SP	PER	-7.2175	-78.7880555555556		
PT-31	PT-31			200		1						SP	PER				
PT-43	PT-43		21			1						SP	PER				
PT-53	PT-53		60	100		1						SP	PER				
PT-60	PT-60		21				1					SP	PER				
T-46	T-46		1	2		1						SP	PER				
BGV005895	ECU-78		2									SLC	ECU	-4.04166666666667	-78.8916666666667		
BGV005912	ECU-96											SLC	ECU	-3.84166666666667	-78.7583333333333		
BGV006225	ECU-458			4								SLC	ECU	-3.50833333333333	-78.5083333333333		
BGV006229	ECU-462			4								SLC	ECU	-3.06305555555556	-78.4863888888889		
BGV006230	ECU-463			4								SLC	ECU	-3.06305555555556	-78.4863888888889		
BGV006231	ECU-464			4								SLC	ECU	-2.48138888888889	-78.1619444444444		
BGV006232	ECU-465			4								SLC	ECU	-2.6125	-78.2225		
BGV006234	ECU-467			4								SLC	ECU	-4.02694444444444	-78.8827777777778		
BGV006235	ECU-468			4								SLC	ECU	-3.06305555555556	-78.4863888888889		
BGV006753	ECU-993		4	4								SLC	ECU	-0.911666666666667	-77.8072222222222		
BGV006767	ECU-1007		1	1								SLC	ECU	-0.957222222222222	-77.8158333333333		
BGV006768	ECU-1008		1	1								SLC	ECU	-1.035	-77.7858333333333		
BGV006775	ECU-1015		1	1			1					SLC	ECU	-1.03611111111111	-77.6911111111111		
BGV006777	ECU-1017		4	1				1				SLC	ECU	-1.03611111111111	-77.6911111111111		
BGV006779	ECU-1019		4	1								SLC	ECU	-1.04666666666667	-77.7952777777778		
BGV006792	ECU-1032		4	1								SLC	ECU	-1.06722222222222	-77.7891666666667		
BGV006806	ECU-1046		4	1								SLC	ECU	-1.12277777777778	-77.8205555555556		
BGV006825	ECU-1065		4	2								SLC	ECU	-1.23777777777778	-77.8802777777778		
BGV006828	ECU-1068		2					1				SLC	ECU	-1.31833333333333	-77.8888888888889		
BGV006852	ECU-1092		2	1				1				SLC	ECU	-1.70027777777778	-77.8425		
BGV006859	ECU-1099		4	1								SLC	ECU	-1.72388888888889	-77.8805555555555		
BGV006865	ECU-1105		4	1								SLC	ECU	-1.80916666666667	-77.8291666666667		
BGV006867	ECU-1107		2	4				1				SLC	ECU	-1.85055555555556	-77.8225		
BGV006881	ECU-1121		4	4								SLC	ECU	-2.30361111111111	-78.1188888888889		
BGV006896	ECU-1136		4	4								SLC	ECU	-2.45055555555556	-78.1697222222222		
BGV006899	ECU-1139		4	4				1				SLC	ECU	-2.54222222222222	-78.1666666666667		
BGV006901	ECU-1141		4	4								SLC	ECU	-2.54222222222222	-78.1666666666667		
BGV006904	ECU-1144		4	4					1			SLC	ECU	-2.61527777777778	-78.1983333333333		
BGV006906	ECU-1146		4	4								SLC	ECU				
BGV006907	ECU-1147		4	4								SLC	ECU	-2.62055555555556	-78.1986111111111		
BGV006910	ECU-1150		4	4								SLC	ECU	-2.75166666666667	-78.3047222222222		
BGV006927	ECU-1167		4	6				1				SLC	ECU	-3.66611111111111	-78.6102777777778		
BGV006931	ECU-1171		4	4								SLC	ECU	-3.67055555555556	-78.6122222222222		
BGV006934	ECU-1174		4	4								SLC	ECU	-3.78833333333333	-78.7513888888889		
BGV007015	ECU-1255		2	4				1				SLC	ECU	-1.39833333333333	-78.3838888888889		
BGV007017	ECU-1257		4	4								SLC	ECU	-1.40444444444444	-78.3008333333333		
BGV007023	ECU-1263											SLC	ECU	-2.38888888888889	-78.1697222222222		
BGV012639	L06066											SLC	ECU	-2.74166666666667	-79.925		
BGV007981	PE-55											SLC	PER	-9.04166666666667	-74.4916666666667		
BGV007982	PE-56											SLC	PER	-9.04166666666667	-74.4916666666667		
BGV007989	PE-63											SLC	PER	-13.6416666666667	-72.925		
BGV007990	PE-64											SLC	PER				
BGV008036	LA1291					1						SLC	PER				
BGV008037	LA1307								1			SLC	PER				
BGV008041	LA1312						1					SLC	PER				
BGV008042	LA1313					1						SLC	PER				
BGV008044	LA-1388											SLC	PER				
BGV008060	LA1549											SLC	PER	-10.575	-75.4916666666667		
BGV008065	LA-1654										1	SLC	PER_N	-6.50833333333333	-76.3583333333333		
BGV008069	LA1701											SLC	PER	-8.125	-79.0416666666667		
BGV008077	LA-1953					1						SLC	PER				
BGV008095	LA-2251							1				SLC	PER_N	-6.14166666666667	-77.0916666666667		
BGV008096	LA-2265						1	1				SLC	PER_N	-6.19166666666667	-76.8416666666667		
BGV008098	LA-2278							1				SLC	PER_N	-6.35833333333333	-76.6583333333333		
BGV008100	LA-2312								1			SLC	PER_N	-5.90833333333333	-77.7916666666667		
BGV008106	LA2664							1				SLC	PER	-14.2544444444444	-69.225		
BGV008108	LA2686						1	1				SLC	PER				
BGV008109	LA2688					1						SLC	PER				
BGV008189	PI-126942											SLC	PER	-9.29166666666667	-79.9916666666667		
BGV012625	L00712											SLC	PER				
BGV012640	L06185											SLC	PER	-13.5583333333333	-72.625		
BGV013156	PI-378994											SLC	PER	-11.9827777777778	-76.7675		
BGV013161	LA-2263											SLC	PER_N	-6.225	-76.8583333333333		
BGV013163	LA2675											SLC	PER	-13.6083333333333	-70.4583333333333		
BGV013945	LA2692											SLC	PER	-13.075	-71.175		
BGV013946	LA-2843											SLC	PER_N	-6.05833333333333	-76.975		
L00150	L00150											SLC	PER				
LA-2309	LA-2309						1	1				SLC	PER				
BGV015725	PT-131		23	200				1				SLC	PER_N	-6.05222222222222	-76.9402777777778		
BGV015731	PT-139		22	200				1				SLC	PER_N	-6.1475	-76.8383333333333		
BGV016050	PT-142		22	300					1			SLC	PER_N	-6.315	-76.7011111111111		
BGV015726	PT-170		23	300				1				SLC	PER_N	-6.52611111111111	-76.3011111111111		
BGV016051	PT-181		23	200								SLC	PER_N	-6.42027777777778	-76.5175		
BGV016052	PT-183		21	300								SLC	PER_N	-6.43361111111111	-76.5075		
BGV016053	PT-185		23	300								SLC	PER	-6.44916666666667	-76.4727777777778		
BGV015734	PT-186		22	300								SLC	PER	-6.44916666666667	-76.4727777777778		
BGV016054	PT-187			300					1			SLC	PER	-6.44944444444444	-76.4716666666667		
BGV016055	PT-188		22	300								SLC	PER_N	-6.44944444444444	-76.4716666666667		
BGV016056	PT-199		23	300								SLC	PER_N	-6.43777777777778	-76.5805555555555		
BGV015727	PT-203		22	300								SLC	PER_N	-6.32444444444444	-76.6830555555556		
BGV004584	SUD-L-14											SLC	COL	20.1916666666667	-98.0583333333333		
BGV007901	MEX-070		1	1								SLC	MEX	20.175	-96.0583333333333		
BGV007902	MEX-072		5	1							1	SLC	MEX	21.0583333333333	-98.5083333333333		
BGV007908	MEX-86		2	1								SLC	MEX	21.1416666666667	-98.425		
BGV007909	MEX-88		1	1								SLC	MEX	21.9083333333333	-99.1583333333334		
BGV007910	MEX-89		1	1								SLC	MEX	21.9916666666667	-98.9916666666667		
BGV007911	MEX-90		1	1								SLC	MEX	21.2583333333333	-99.125		
BGV007918	MEX-101		1	1								SLC	MEX	21.3416666666667	-99.0416666666667		
BGV007920	MEX-103		4	1								SLC	MEX	21.2083333333333	-99.5416666666667		
BGV007921	MEX-104		1	1								SLC	MEX	24.725	-107.791666666667		
BGV007927	MEX-110		1	1								SLC	MEX	25.7583333333333	-108.825		
BGV007928	MEX-111		1	1		1						SLC	MEX	25.7083333333333	-109.025		
BGV007929	MEX-113		1	1								SLC	MEX	25.975	-109.341666666667		
BGV007930	MEX-115		1	1								SLC	MEX	26.0583333333333	-109.375		
BGV007931	MEX-116		1	1								SLC	MEX	22.3916666666667	-105.458333333333		
BGV007933	MEX-118		1	1								SLC	MEX	21.8083333333333	-105.341666666667		
BGV007934	MEX-120		1	1								SLC	MEX	21.8083333333333	-105.341666666667		
BGV007935	MEX-121		1	1								SLC	MEX				
BGV008051	LA1455						1	1				SLC	MEX	20.4583333333333	-90.025		
BGV008058	LA1545				1							SLC	MEX	19.0416666666667	-96.2416666666667		
BGV008061	LA1569											SLC	MEX	16.8583333333333	-99.9083333333333		
BGV008067	LA1668										1	SLC	MEX	22.225	-97.8583333333333		
BGV008070	LA1703											SLC	MEX	4.49166666666667	-76.3083333333333		
BGV008110	LA-2697							1				SLC	COL	10.025	-84.225		
BGV008218	PI-406761											SLC	CRI	11.075	-85.6416666666667		
BGV008219	PI-406781											SLC	CRI	13.825	-89.4083333333333		
BGV008221	PI-406823											SLC	SLV	13.925	-87.2083333333334		
BGV008223	PI-406874											SLC	HND	12.0583333333333	-85.4583333333333		
BGV008224	PI-406972											SLC	NIC	12.025	-84.6583333333333		
BGV008225	PI-406977											SLC	NIC				
BGV008345	CATIE-09073											SLC	SLV				
BGV008347	CATIE-11106_1											SLC	HND				
BGV008348	CATIE-11746											SLC	CRI				
BGV008354	CATIE-18628											SLC	CRI	20.4583333333333	-97.325		
BGV012614	L00172 (LA1456)											SLC	MEX				
BGV012615	LA-2783					1						SLC	COL				
BGV012627	L00994											SLC	COL	9.90833333333333	-83.6916666666667		
BGV013134	CATIE-19247											SLC	CRI				
BGV013175	LA-1425					1						SLC	COL	25.8144444444444	-108.981111111111		
BGV015728	MEX-112											SLC	MEX	25.9905555555556	-109.268888888889		
BGV015729	MEX-114											SLC	MEX				
LA1712	LA1712					1						SLC	CRI	20.175	-98.0583333333333		
MEX-059	MEX-059		5	4							1	SLC	MEX	20.275	-97.9583333333333		
MEX-062	MEX-062		3	4					1			SLC	MEX	20.175	-96.0583333333333		
MEX-068_R	MEX-068_r		5	4							1	SLC	MEX	20.175	-96.0583333333333		
MEX-069	MEX-069		5	4							1	SLC	MEX				
MEX-117	MEX-117		6	4							1	SLC	MEX				
BGV012626	PI-129062											SLC	COL				
PI-129088	PI-129088											SLC	COL				
PI-406890	PI-406890											SLC	HND				
PI-487625	PI-487625											SLC	CRI				
BGV007854	MEX-005		2	4					1			SLL	MEX	21.2916666666667	-89.2583333333333		
BGV007857	MEX-008		2	4					1			SLL	MEX	21.0916666666667	-89.625		
BGV007860	MEX-013		5	4							1	SLL	MEX	21.2583333333333	-89.0416666666667		
BGV007861	MEX-014		2	5								SLL	MEX	21.5083333333333	-89.0083333333334		
BGV007862	MEX-015_1		2	4								SLL	MEX	21.225	-88.8083333333333		
BGV007863	MEX-016_1		2	4								SLL	MEX	21.225	-89.8083333333333		
BGV007864	MEX-017		2	4								SLL	MEX	21.225	-89.8083333333333		
BGV007865	MEX-018		2	4								SLL	MEX	21.225	-89.8083333333333		
BGV007866	MEX-019		5	4								SLL	MEX	21.0083333333333	-90.0083333333333		
BGV007867	MEX-021		5	4								SLL	MEX	20.875	-89.7416666666667		
BGV007868	MEX-022		5	4								SLL	MEX	21.0083333333333	-90.0083333333333		
BGV007869	MEX-023		5	4								SLL	MEX	20.5083333333333	-89.5083333333333		
BGV007870	MEX-024		5	4								SLL	MEX	20.4916666666667	-89.7083333333334		
BGV007871	MEX-025		5									SLL	MEX	20.4916666666667	-89.7083333333334		
BGV007872	MEX-026		5	4								SLL	MEX	20.3083333333333	-89.425		
BGV007873	MEX-029		5	4								SLL	MEX	20.5083333333333	-89.5083333333333		
BGV007875	MEX-032		2	4								SLL	MEX	20.8083333333333	-89.4083333333333		
BGV007876	MEX-033		5	4								SLL	MEX	20.6916666666667	-88.225		
BGV007878	MEX-035		5	4								SLL	MEX	20.325	-90.0416666666667		
BGV007936	MEX-122		5	4								SLL	MEX	20.975	-89.6416666666667		
